"observation","v","successes","trials"
1,"-1",0,10
2,"-0.96610169491525422",0,10
3,"-0.93220338983050843",0,10
4,"-0.89830508474576276",0,10
5,"-0.86440677966101698",0,10
6,"-0.83050847457627119",0,10
7,"-0.79661016949152541",0,10
8,"-0.76271186440677963",0,10
9,"-0.72881355932203395",1,10
10,"-0.69491525423728806",0,10
11,"-0.66101694915254239",0,10
12,"-0.6271186440677966",0,10
13,"-0.59322033898305082",0,10
14,"-0.55932203389830515",0,10
15,"-0.52542372881355925",0,10
16,"-0.49152542372881358",0,10
17,"-0.4576271186440678",0,10
18,"-0.42372881355932202",0,10
19,"-0.38983050847457623",2,10
20,"-0.35593220338983056",0,10
21,"-0.32203389830508478",0,10
22,"-0.28813559322033899",0,10
23,"-0.25423728813559321",0,10
24,"-0.22033898305084743",0,10
25,"-0.18644067796610164",0,10
26,"-0.15254237288135597",0,10
27,"-0.11864406779661019",0,10
28,"-0.084745762711864403",2,10
29,"-0.05084745762711862",0,10
30,"-0.016949152542372836",1,10
31,"0.016949152542372836",1,10
32,"0.050847457627118731",0,10
33,"0.084745762711864403",0,10
34,"0.11864406779661008",0,10
35,"0.15254237288135597",0,10
36,"0.18644067796610164",0,10
37,"0.22033898305084754",0,10
38,"0.25423728813559321",0,10
39,"0.28813559322033888",0,10
40,"0.32203389830508478",0,10
41,"0.35593220338983045",0,10
42,"0.38983050847457634",0,10
43,"0.42372881355932202",0,10
44,"0.45762711864406769",0,10
45,"0.49152542372881358",0,10
46,"0.52542372881355925",0,10
47,"0.55932203389830515",0,10
48,"0.59322033898305082",0,10
49,"0.62711864406779672",1,10
50,"0.66101694915254239",0,10
51,"0.69491525423728806",1,10
52,"0.72881355932203395",4,10
53,"0.76271186440677963",1,10
54,"0.79661016949152552",0,10
55,"0.83050847457627119",0,10
56,"0.86440677966101687",0,10
57,"0.89830508474576276",1,10
58,"0.93220338983050843",1,10
59,"0.96610169491525433",0,10
60,"1",2,10
