file,symbol,old,new,kind
src/Envelopefuncs.h,EnvelopeBuild,"EnvelopeBuild(NumericVector bStar, NumericMatrix A, NumericVector y, NumericMatrix x, NumericMatrix mu, NumericMatrix P, NumericVector alpha, NumericVector wt, std::string family = ""binomial"", std::string link = ""logit"", int Gridtype = 2, int n = 1, int n_envopt = -1, bool sortgrid = false, bool use_opencl = false, bool verbose = false)","EnvelopeBuild(NumericVector bStar, NumericMatrix A, NumericVector y, NumericMatrix x, NumericMatrix mu, NumericMatrix P, NumericVector alpha, NumericVector wt, std::string family = ""binomial"", std::string link = ""logit"", int Gridtype = 2, int n = 1, int n_envopt = -1, bool sortgrid = false, bool use_opencl = false, bool verbose = false, bool refine = true, int refine_maxit = 60)",changed signature
src/export_wrappers.cpp,EnvelopeBuild_cpp_export,"EnvelopeBuild_cpp_export(Rcpp::NumericVector bStar, Rcpp::NumericMatrix A, Rcpp::NumericVector y, Rcpp::NumericMatrix x, Rcpp::NumericMatrix mu, Rcpp::NumericMatrix P, Rcpp::NumericVector alpha, Rcpp::NumericVector wt, std::string family, std::string link, int Gridtype, int n, int n_envopt, bool sortgrid, bool use_opencl, bool verbose)","EnvelopeBuild_cpp_export(Rcpp::NumericVector bStar, Rcpp::NumericMatrix A, Rcpp::NumericVector y, Rcpp::NumericMatrix x, Rcpp::NumericMatrix mu, Rcpp::NumericMatrix P, Rcpp::NumericVector alpha, Rcpp::NumericVector wt, std::string family, std::string link, int Gridtype, int n, int n_envopt, bool sortgrid, bool use_opencl, bool verbose, bool refine = true, int refine_maxit = 60)",changed signature
src/RcppExports.cpp,_glmbayes_EnvelopeBuild_cpp_export,"_glmbayes_EnvelopeBuild_cpp_export(SEXP bStarSEXP, SEXP ASEXP, SEXP ySEXP, SEXP xSEXP, SEXP muSEXP, SEXP PSEXP, SEXP alphaSEXP, SEXP wtSEXP, SEXP familySEXP, SEXP linkSEXP, SEXP GridtypeSEXP, SEXP nSEXP, SEXP n_envoptSEXP, SEXP sortgridSEXP, SEXP use_openclSEXP, SEXP verboseSEXP)","_glmbayes_EnvelopeBuild_cpp_export(SEXP bStarSEXP, SEXP ASEXP, SEXP ySEXP, SEXP xSEXP, SEXP muSEXP, SEXP PSEXP, SEXP alphaSEXP, SEXP wtSEXP, SEXP familySEXP, SEXP linkSEXP, SEXP GridtypeSEXP, SEXP nSEXP, SEXP n_envoptSEXP, SEXP sortgridSEXP, SEXP use_openclSEXP, SEXP verboseSEXP, SEXP refineSEXP, SEXP refine_maxitSEXP)",changed signature
src/rNormalGLM.cpp,rNormalGLM_worker,"rNormalGLM_worker(int n_, const RVector<double>& y_r_, const RMatrix<double>& x_r_, const RMatrix<double>& mu_r_, const RMatrix<double>& P_r_, const RVector<double>& alpha_r_, const RVector<double>& wt_r_, const RcppParallel::RVector<double>& PLSD_r_, const RcppParallel::RVector<double>& LLconst_r_, const RcppParallel::RMatrix<double>& loglt_r_, const RcppParallel::RMatrix<double>& logrt_r_, const RcppParallel::RMatrix<double>& cbars_r_, const CharacterVector& family_, const CharacterVector& link_, int progbar_, RMatrix<double>& out_, RVector<double>& draws_, std::shared_ptr<std::atomic<int>> any_maxdraw_flag_ = nullptr, int max_draws_ = -1)","rNormalGLM_worker(int n_, std::uint64_t job_seed_, const RVector<double>& y_r_, const RMatrix<double>& x_r_, const RMatrix<double>& mu_r_, const RMatrix<double>& P_r_, const RVector<double>& alpha_r_, const RVector<double>& wt_r_, const RcppParallel::RVector<double>& PLSD_r_, const RcppParallel::RVector<double>& logPLSD_r_, bool use_log_sel_, const RcppParallel::RVector<double>& LLconst_r_, const RcppParallel::RMatrix<double>& loglt_r_, const RcppParallel::RMatrix<double>& logrt_r_, const RcppParallel::RMatrix<double>& logU_r_, const RcppParallel::RMatrix<double>& cbars_r_, const CharacterVector& family_, const CharacterVector& link_, int progbar_, RMatrix<double>& out_, RVector<double>& draws_, std::shared_ptr<std::atomic<int>> any_maxdraw_flag_ = nullptr, int max_draws_ = -1)",changed signature
src/rNormalGLM.cpp,run_rcppparallel_pilot,"run_rcppparallel_pilot(int n, rNormalGLM_worker& test_worker, rNormalGLM_worker& worker, Rcpp::NumericVector& draws, Rcpp::NumericMatrix& out, std::shared_ptr<std::atomic<int>> any_flag, double E_draws, bool verbose = true)","run_rcppparallel_pilot(int n, rNormalGLM_worker& test_worker, rNormalGLM_worker& worker, Rcpp::NumericVector& draws, Rcpp::NumericMatrix& out, std::shared_ptr<std::atomic<int>> any_flag, double E_draws, bool verbose = true)",unchanged signature
src/rNormalGLM.cpp,rNormalGLM_std_parallel,"rNormalGLM_std_parallel(int n, NumericVector y, NumericMatrix x, NumericMatrix mu, NumericMatrix P, NumericVector alpha, NumericVector wt, Function f2, List Envelope, CharacterVector family, CharacterVector link, int progbar = 1, bool verbose = false)","rNormalGLM_std_parallel(int n, NumericVector y, NumericMatrix x, NumericMatrix mu, NumericMatrix P, NumericVector alpha, NumericVector wt, Function f2, List Envelope, CharacterVector family, CharacterVector link, int progbar = 1, bool verbose = false)",unchanged signature
src/rNormalGLM.cpp,rNormalGLM_std,"rNormalGLM_std(int n,NumericVector y,NumericMatrix x, NumericMatrix mu,NumericMatrix P,NumericVector alpha,NumericVector wt, Function f2,Rcpp::List Envelope,Rcpp::CharacterVector family,Rcpp::CharacterVector link, int progbar, bool verbose)","rNormalGLM_std(int n,NumericVector y,NumericMatrix x, NumericMatrix mu,NumericMatrix P,NumericVector alpha,NumericVector wt, Function f2,Rcpp::List Envelope,Rcpp::CharacterVector family,Rcpp::CharacterVector link, int progbar, bool verbose)",unchanged signature
src/rNormalGLM.cpp,rNormalGLM,"rNormalGLM(int n,NumericVector y,NumericMatrix x, NumericVector mu,NumericMatrix P,NumericVector offset,NumericVector wt, double dispersion, Function f2, Function f3, NumericVector start, std::string family, std::string link, int Gridtype, int n_envopt , bool use_parallel , bool use_opencl , bool verbose)","rNormalGLM(int n,NumericVector y,NumericMatrix x, NumericVector mu,NumericMatrix P,NumericVector offset,NumericVector wt, double dispersion, Function f2, Function f3, NumericVector start, std::string family, std::string link, int Gridtype, int n_envopt , bool use_parallel , bool use_opencl , bool verbose)",unchanged signature
src/rIndepNormalGammaReg.cpp,rIndepNormalGammaReg_worker,"rIndepNormalGammaReg_worker(int n_, const RcppParallel::RVector<double>& y_r_, const RcppParallel::RMatrix<double>& x_r_, const RcppParallel::RMatrix<double>& mu_r_, const RcppParallel::RMatrix<double>& P_r_, const RcppParallel::RVector<double>& alpha_r_, const RcppParallel::RVector<double>& wt_r_, const RcppParallel::RMatrix<double>& cbars_r_, const RcppParallel::RVector<double>& PLSD_r_, const RcppParallel::RMatrix<double>& loglt_r_, const RcppParallel::RMatrix<double>& logrt_r_, const RcppParallel::RVector<double>& lg_prob_factor_r_, const RcppParallel::RVector<double>& UB2min_r_, double shape3_, double rate2_, double disp_upper_, double disp_lower_, double RSS_Min_, double max_New_LL_UB_, double max_LL_log_disp_, double lm_log1_, double lm_log2_, double lmc1_, double lmc2_, const Rcpp::List& cache_, const RcppParallel::RMatrix<double>& Pmat_r_, const RcppParallel::RMatrix<double>& Pmu_r_, const RcppParallel::RVector<double>& base_B0_r_, const RcppParallel::RMatrix<double>& base_A_r_, RcppParallel::RMatrix<double>& beta_out_r_, RcppParallel::RVector<double>& disp_out_r_, RcppParallel::RVector<double>& iters_out_r_, RcppParallel::RVector<double>& weight_out_r_)","rIndepNormalGammaReg_worker(int n_, std::uint64_t job_seed_, const RcppParallel::RVector<double>& y_r_, const RcppParallel::RMatrix<double>& x_r_, const RcppParallel::RMatrix<double>& mu_r_, const RcppParallel::RMatrix<double>& P_r_, const RcppParallel::RVector<double>& alpha_r_, const RcppParallel::RVector<double>& wt_r_, const RcppParallel::RMatrix<double>& cbars_r_, const RcppParallel::RVector<double>& PLSD_r_, const RcppParallel::RMatrix<double>& loglt_r_, const RcppParallel::RMatrix<double>& logrt_r_, const RcppParallel::RMatrix<double>& logU_r_, const RcppParallel::RVector<double>& lg_prob_factor_r_, const RcppParallel::RVector<double>& UB2min_r_, double shape3_, double rate2_, double disp_upper_, double disp_lower_, double RSS_Min_, double max_New_LL_UB_, double max_LL_log_disp_, double lm_log1_, double lm_log2_, double lmc1_, double lmc2_, const Rcpp::List& cache_, const RcppParallel::RMatrix<double>& Pmat_r_, const RcppParallel::RMatrix<double>& Pmu_r_, const RcppParallel::RVector<double>& base_B0_r_, const RcppParallel::RMatrix<double>& base_A_r_, RcppParallel::RMatrix<double>& beta_out_r_, RcppParallel::RVector<double>& disp_out_r_, RcppParallel::RVector<double>& iters_out_r_, RcppParallel::RVector<double>& weight_out_r_)",changed signature
src/rIndepNormalGammaReg.cpp,rIndepNormalGammaReg_std,"rIndepNormalGammaReg_std(int n,NumericVector y,NumericMatrix x, NumericMatrix mu, NumericMatrix P, NumericVector alpha,NumericVector wt, Function f2,Rcpp::List Envelope, Rcpp::List gamma_list, Rcpp::List UB_list, Rcpp::CharacterVector family,Rcpp::CharacterVector link, bool progbar, bool verbose)","rIndepNormalGammaReg_std(int n,NumericVector y,NumericMatrix x, NumericMatrix mu, NumericMatrix P, NumericVector alpha,NumericVector wt, Function f2,Rcpp::List Envelope, Rcpp::List gamma_list, Rcpp::List UB_list, Rcpp::CharacterVector family,Rcpp::CharacterVector link, bool progbar, bool verbose)",unchanged signature
src/rIndepNormalGammaReg.cpp,rIndepNormalGammaReg_std_parallel,"rIndepNormalGammaReg_std_parallel(int n, Rcpp::NumericVector y, Rcpp::NumericMatrix x, Rcpp::NumericMatrix mu, Rcpp::NumericMatrix P, Rcpp::NumericVector alpha, Rcpp::NumericVector wt, Rcpp::Function f2, Rcpp::List Envelope, Rcpp::List gamma_list, Rcpp::List UB_list, Rcpp::CharacterVector family, Rcpp::CharacterVector link, bool progbar , bool verbose)","rIndepNormalGammaReg_std_parallel(int n, Rcpp::NumericVector y, Rcpp::NumericMatrix x, Rcpp::NumericMatrix mu, Rcpp::NumericMatrix P, Rcpp::NumericVector alpha, Rcpp::NumericVector wt, Rcpp::Function f2, Rcpp::List Envelope, Rcpp::List gamma_list, Rcpp::List UB_list, Rcpp::CharacterVector family, Rcpp::CharacterVector link, bool progbar , bool verbose)",unchanged signature
src/rIndepNormalGammaReg.cpp,rIndepNormalGammaReg,"rIndepNormalGammaReg(int n, Rcpp::NumericVector y, Rcpp::NumericMatrix x, Rcpp::NumericVector mu, Rcpp::NumericMatrix P, Rcpp::NumericVector offset, Rcpp::NumericVector wt, double shape, double rate, double max_disp_perc, Rcpp::Nullable<Rcpp::NumericVector> disp_lower, Rcpp::Nullable<Rcpp::NumericVector> disp_upper, int Gridtype, int n_envopt, bool use_parallel, bool use_opencl, bool verbose, bool progbar)","rIndepNormalGammaReg(int n, Rcpp::NumericVector y, Rcpp::NumericMatrix x, Rcpp::NumericVector mu, Rcpp::NumericMatrix P, Rcpp::NumericVector offset, Rcpp::NumericVector wt, double shape, double rate, double max_disp_perc, Rcpp::Nullable<Rcpp::NumericVector> disp_lower, Rcpp::Nullable<Rcpp::NumericVector> disp_upper, int Gridtype, int n_envopt, bool use_parallel, bool use_opencl, bool verbose, bool progbar)",unchanged signature
src/EnvelopeEval.cpp,f2_f3_non_opencl,"f2_f3_non_opencl(std::string family, std::string link, Rcpp::NumericMatrix b, Rcpp::NumericVector y, Rcpp::NumericMatrix x, Rcpp::NumericMatrix mu, Rcpp::NumericMatrix P, Rcpp::NumericVector alpha, Rcpp::NumericVector wt, int progbar)","f2_f3_non_opencl(std::string family, std::string link, Rcpp::NumericMatrix b, Rcpp::NumericVector y, Rcpp::NumericMatrix x, Rcpp::NumericMatrix mu, Rcpp::NumericMatrix P, Rcpp::NumericVector alpha, Rcpp::NumericVector wt, int progbar)",unchanged signature
src/rNormalReg.cpp,rNormalReg,"rNormalReg(int n,NumericVector y,NumericMatrix x, NumericVector mu,NumericMatrix P, NumericVector offset,NumericVector wt, double dispersion, Function f2,Function f3, NumericVector start, std::string family, std::string link, int Gridtype)","rNormalReg(int n,NumericVector y,NumericMatrix x, NumericVector mu,NumericMatrix P, NumericVector offset,NumericVector wt, double dispersion, Function f2,Function f3, NumericVector start, std::string family, std::string link, int Gridtype)",unchanged signature
src/rng_utils.cpp,runif_safe,runif_safe(),runif_safe(),unchanged signature
src/rng_utils.h,rnorm_ct,"rnorm_ct(double lgrt,double lglt,double mu,double sigma)","rnorm_ct(double lgrt,double lglt,double mu,double sigma)
rnorm_ct(double lgrt, double lglt, double mu, double sigma, double log_mass)",changed signature
