M	.Rbuildignore
M	.gitignore
A	CMB_CONTRIBUTION.md
M	DESCRIPTION
M	NAMESPACE
M	R/RcppExports.R
A	R/fit_diagnostics.R
M	R/glmb.R
M	R/lmb.R
M	R/pfamily.R
M	R/residuals.glmb.R
M	R/rglmb.R
M	R/rlmb.R
M	R/simfunction.R
M	R/simulationpipeline.R
M	R/summary.glmb.R
M	R/summary.rglmb.R
M	README.md
A	inst/examples/Ex_CMB.R
A	inst/validation/CMB_V1.md
A	inst/validation/CMB_VALIDATION.md
A	inst/validation/RNG_REPRODUCIBILITY.md
A	inst/validation/cmb-matrix.R
A	inst/validation/run-cmb-matrix.py
A	man/cmb.Rd
A	man/print.glmb_diagnostics.Rd
M	man/rglmb.Rd
M	man/rlmb.Rd
M	man/simfuncs.Rd
M	src/EnvelopeBuild.cpp
M	src/EnvelopeEval.cpp
M	src/Envelopefuncs.h
D	src/Makevars
M	src/RcppExports.cpp
A	src/envelope_refine.cpp
A	src/envelope_refine.h
M	src/export_wrappers.cpp
M	src/famfuncs.h
A	src/famfuncs_cmb.cpp
M	src/rIndepNormalGammaReg.cpp
M	src/rNormalGLM.cpp
M	src/rNormalReg.cpp
M	src/rng_utils.cpp
M	src/rng_utils.h
M	src/rnorm_ct.cpp
A	tests/testthat/test-cmb-public.R
A	tests/testthat/test-envelope-refinement.R
A	tests/testthat/test-fit-diagnostics.R
A	tests/testthat/test-rejection-cap.R
A	tests/testthat/test-rng-reproducibility.R
A	tests/testthat/test-truncated-normal-tails.R
