"file","symbol","old","new","kind"
"R/RcppExports.R","EnvelopeBuild_cpp_export","as.pairlist(alist(bStar = , A = , y = , x = , mu = , P = , alpha = , wt = , family = , link = , Gridtype = , n = , n_envopt = , sortgrid = , use_opencl = , verbose = ))","as.pairlist(alist(bStar = , A = , y = , x = , mu = , P = , alpha = , wt = , family = , link = , Gridtype = , n = , n_envopt = , sortgrid = , use_opencl = , verbose = , refine = TRUE, refine_maxit = 60L))","signature"
"R/fit_diagnostics.R",".glmb_build_info","absent","NULL","new"
"R/fit_diagnostics.R",".glmb_fit_diagnostics","absent","as.pairlist(alist(fit = , args = ))","new"
"R/fit_diagnostics.R",".glmb_run_simulation","absent","as.pairlist(alist(expr = , args = ))","new"
"R/fit_diagnostics.R","print.glmb_diagnostics","absent","as.pairlist(alist(x = , ... = ))","new"
"R/glmb.R","glmb","as.pairlist(alist(formula = , family = binomial, pfamily = dNormal(mu, Sigma, dispersion = 1), n = 1000, data = , weights = , use_parallel = TRUE, use_opencl = FALSE, verbose = FALSE, subset = , offset = , na.action = , Gridtype = 2, n_envopt = NULL, start = NULL, etastart = , mustart = , control = list(...), model = TRUE, method = ""glm.fit"", x = FALSE, y = TRUE, contrasts = NULL, ... = ))","as.pairlist(alist(formula = , family = binomial, pfamily = dNormal(mu, Sigma, dispersion = 1), n = 1000, data = , weights = , use_parallel = TRUE, use_opencl = FALSE, verbose = FALSE, subset = , offset = , na.action = , Gridtype = 2, n_envopt = NULL, start = NULL, etastart = , mustart = , control = list(...), model = TRUE, method = ""glm.fit"", x = FALSE, y = TRUE, contrasts = NULL, ... = ))","body only"
"R/lmb.R","lmb","as.pairlist(alist(formula = , pfamily = , n = 1000, data = , subset = , weights = , na.action = , method = ""qr"", model = TRUE, x = TRUE, y = TRUE, qr = TRUE, singular.ok = TRUE, contrasts = NULL, offset = , Gridtype = 2, n_envopt = NULL, use_parallel = TRUE, use_opencl = FALSE, verbose = FALSE, ... = ))","as.pairlist(alist(formula = , pfamily = , n = 1000, data = , subset = , weights = , na.action = , method = ""qr"", model = TRUE, x = TRUE, y = TRUE, qr = TRUE, singular.ok = TRUE, contrasts = NULL, offset = , Gridtype = 2, n_envopt = NULL, use_parallel = TRUE, use_opencl = FALSE, verbose = FALSE, ... = ))","body only"
"R/lmb.R",".uni_lmb","as.pairlist(alist(formula = , pfamily = , n = 1000, data = , subset = , weights = , na.action = , method = ""qr"", model = TRUE, x = TRUE, y = TRUE, qr = TRUE, singular.ok = TRUE, contrasts = NULL, offset = , Gridtype = 2, n_envopt = NULL, use_parallel = TRUE, use_opencl = FALSE, verbose = FALSE, ... = ))","as.pairlist(alist(formula = , pfamily = , n = 1000, data = , subset = , weights = , na.action = , method = ""qr"", model = TRUE, x = TRUE, y = TRUE, qr = TRUE, singular.ok = TRUE, contrasts = NULL, offset = , Gridtype = 2, n_envopt = NULL, use_parallel = TRUE, use_opencl = FALSE, verbose = FALSE, ... = ))","body only"
"R/pfamily.R","dNormal","as.pairlist(alist(mu = , Sigma = , dispersion = NULL))","as.pairlist(alist(mu = , Sigma = , dispersion = NULL))","body only"
"R/pfamily.R","dNormal::plinks","as.pairlist(alist(family = ))","as.pairlist(alist(family = ))","body only"
"R/pfamily.R","cmb","absent","pairlist(link = ""identity"")","new"
"R/pfamily.R","cmb_augment","absent","as.pairlist(alist(X = , yc = , m = , Z = NULL))","new"
"R/pfamily.R",".is_cmb","absent","as.pairlist(alist(object = ))","new"
"R/pfamily.R",".cmb_nobs","absent","as.pairlist(alist(object = ))","new"
"R/pfamily.R",".cmb_m","absent","as.pairlist(alist(object = ))","new"
"R/pfamily.R","cmb_fitted","absent","as.pairlist(alist(object = , scale = c(""proportion"", ""count"")))","new"
"R/pfamily.R","cmb_nu","absent","as.pairlist(alist(object = ))","new"
"R/residuals.glmb.R","residuals.rglmb","as.pairlist(alist(object = , ysim = NULL, ... = ))","as.pairlist(alist(object = , ysim = NULL, ... = ))","body only"
"R/rglmb.R","rglmb","as.pairlist(alist(n = 1, y = , x = , family = gaussian(), pfamily = , offset = NULL, weights = 1, Gridtype = 2, n_envopt = NULL, use_parallel = TRUE, use_opencl = FALSE, verbose = FALSE))","as.pairlist(alist(n = 1, y = , x = , family = gaussian(), pfamily = , offset = NULL, weights = 1, Gridtype = 2, n_envopt = NULL, use_parallel = TRUE, use_opencl = FALSE, verbose = FALSE))","body only"
"R/rlmb.R","rlmb","as.pairlist(alist(n = 1, y = , x = , pfamily = , offset = rep(0, nobs), weights = NULL, Gridtype = 2, n_envopt = NULL, use_parallel = TRUE, use_opencl = FALSE, verbose = FALSE, progbar = FALSE))","as.pairlist(alist(n = 1, y = , x = , pfamily = , offset = rep(0, nobs), weights = NULL, Gridtype = 2, n_envopt = NULL, use_parallel = TRUE, use_opencl = FALSE, verbose = FALSE, progbar = FALSE))","body only"
"R/simfunction.R","rindepNormalGamma_reg","as.pairlist(alist(n = , y = , x = , prior_list = , offset = NULL, weights = 1, family = gaussian(), Gridtype = 2, n_envopt = NULL, use_parallel = TRUE, use_opencl = FALSE, verbose = FALSE, progbar = TRUE))","as.pairlist(alist(n = , y = , x = , prior_list = , offset = NULL, weights = 1, family = gaussian(), Gridtype = 2, n_envopt = NULL, use_parallel = TRUE, use_opencl = FALSE, verbose = FALSE, progbar = TRUE))","body only"
"R/simfunction.R","rNormal_reg","as.pairlist(alist(n = , y = , x = , prior_list = , offset = NULL, weights = 1, family = gaussian(), Gridtype = 2, n_envopt = NULL, use_parallel = TRUE, use_opencl = FALSE, verbose = FALSE, progbar = FALSE))","as.pairlist(alist(n = , y = , x = , prior_list = , offset = NULL, weights = 1, family = gaussian(), Gridtype = 2, n_envopt = NULL, use_parallel = TRUE, use_opencl = FALSE, verbose = FALSE, progbar = FALSE))","body only"
"R/simulationpipeline.R","glmbfamfunc","as.pairlist(alist(family = , lik_shape = 1))","as.pairlist(alist(family = , lik_shape = 1))","body only"
"R/simulationpipeline.R","glmbfamfunc::f1","as.pairlist(alist(b = , y = , x = , alpha = 0, wt = 1))","as.pairlist(alist(b = , y = , x = , alpha = 0, wt = 1))","body only"
"R/simulationpipeline.R","glmbfamfunc::f2","as.pairlist(alist(b = , y = , x = , mu = , P = , alpha = 0, wt = 1))","as.pairlist(alist(b = , y = , x = , mu = , P = , alpha = 0, wt = 1))","body only"
"R/simulationpipeline.R","glmbfamfunc::f3","as.pairlist(alist(b = , y = , x = , mu = , P = , alpha = 0, wt = 1))","as.pairlist(alist(b = , y = , x = , mu = , P = , alpha = 0, wt = 1))","body only"
"R/simulationpipeline.R","glmbfamfunc::f4","as.pairlist(alist(b = , y = , x = , alpha = 0, wt = 1, dispersion = 1))","as.pairlist(alist(b = , y = , x = , alpha = 0, wt = 1, dispersion = 1))","body only"
"R/simulationpipeline.R","glmbfamfunc::f7","as.pairlist(alist(b = , y = , x = , mu = , P = , alpha = 0, wt = 1))","as.pairlist(alist(b = , y = , x = , mu = , P = , alpha = 0, wt = 1))","body only"
"R/simulationpipeline.R","EnvelopeSort","as.pairlist(alist(l1 = , l2 = , GIndex = , G3 = , cbars = , logU = , logrt = , loglt = , logP = , LLconst = , PLSD = , a1 = , E_draws = , lg_prob_factor = NULL, UB2min = NULL))","as.pairlist(alist(l1 = , l2 = , GIndex = , G3 = , cbars = , logU = , logrt = , loglt = , logP = , LLconst = , PLSD = , a1 = , E_draws = , lg_prob_factor = NULL, UB2min = NULL, logPLSD = NULL))","signature"
"R/simulationpipeline.R","glmbfamfunc::.cmb_N","absent","as.pairlist(alist(x = ))","new"
"R/simulationpipeline.R","glmbfamfunc::.cmb_tab","absent","as.pairlist(alist(m = ))","new"
"R/simulationpipeline.R","glmbfamfunc::.cmb_mom","absent","as.pairlist(alist(theta = , nu = , m = , tabs = , moments = TRUE))","new"
"R/simulationpipeline.R","glmbfamfunc::.cmb_dat","absent","as.pairlist(alist(y = , wt = , N = ))","new"
"R/simulationpipeline.R","glmbfamfunc::.cmb_eta","absent","as.pairlist(alist(bcol = , x = , alpha = ))","new"
"R/simulationpipeline.R","glmbfamfunc::.cmb_sat","absent","as.pairlist(alist(yc = , m = , nu = , tabs = , tol = 1e-10, maxit = 200L))","new"
"R/simulationpipeline.R","glmbfamfunc::.cmb_sat::EYf","absent","as.pairlist(alist(th = ))","new"
"R/summary.glmb.R","summary.glmb","as.pairlist(alist(object = , ... = ))","as.pairlist(alist(object = , ... = ))","body only"
"R/summary.glmb.R","print.summary.glmb","as.pairlist(alist(x = , digits = max(3, getOption(""digits"") - 3), ... = ))","as.pairlist(alist(x = , digits = max(3, getOption(""digits"") - 3), ... = ))","body only"
"R/summary.rglmb.R","summary.rglmb","as.pairlist(alist(object = , ... = ))","as.pairlist(alist(object = , ... = ))","body only"
"R/summary.rglmb.R","print.summary.rglmb","as.pairlist(alist(x = , digits = max(3, getOption(""digits"") - 3), ... = ))","as.pairlist(alist(x = , digits = max(3, getOption(""digits"") - 3), ... = ))","body only"
