"case","refine","repetition","status","mean_z","cov_z","proposal_z","passed"
"intercepts",FALSE,1,"checked",1.99586305507834,1.2965600016767,0.572768011180752,TRUE
"intercepts",TRUE,1,"checked",2.13097886335433,1.22990442637961,0.684799946700328,TRUE
"intercepts",TRUE,2,"checked",1.35882738994635,1.00368109587651,1.05004223567227,TRUE
"intercepts",FALSE,2,"checked",1.11074728476219,1.02363384212931,0.103566276500058,TRUE
"intercepts",FALSE,3,"checked",1.2731716312007,1.42110032929192,1.3540507228124,TRUE
"intercepts",TRUE,3,"checked",1.58652593441344,0.300160115246471,0.361760367913947,TRUE
"theta_slope",FALSE,1,"checked",1.17921450087659,1.03162014965114,1.5096783492708,TRUE
"theta_slope",TRUE,1,"checked",1.90673706234022,0.967022592530444,0.237598566424559,TRUE
"theta_slope",TRUE,2,"checked",0.625963422030167,1.79293613424826,0.148904459433243,TRUE
"theta_slope",FALSE,2,"checked",1.0682073933522,1.84871001090804,0.285545144437054,TRUE
"theta_slope",FALSE,3,"checked",2.09181082935462,1.65708259772364,0.0965742503624087,TRUE
"theta_slope",TRUE,3,"checked",2.25344754126684,0.490069265351191,1.05733539565265,TRUE
"nu_slope",FALSE,1,"checked",0.753849745227762,1.03047800606729,2.03117357406374,TRUE
"nu_slope",TRUE,1,"checked",1.03406315918879,1.16723133067086,1.32771326287425,TRUE
"nu_slope",TRUE,2,"checked",0.831149713540426,1.89945600559964,0.0845627399513524,TRUE
"nu_slope",FALSE,2,"checked",1.46852903544775,1.71346183340252,0.804274812771871,TRUE
"nu_slope",FALSE,3,"checked",3.36135503571596,1.58635440772742,0.633464668986453,TRUE
"nu_slope",TRUE,3,"checked",3.00135912578925,0.992751515244394,1.32030424242418,TRUE
"strong_prior",FALSE,1,"checked",2.45017331293294,2.20672342171007,1.52484805467515,TRUE
"strong_prior",TRUE,1,"checked",0.91802011153487,1.13506703154512,0.772510229518704,TRUE
"strong_prior",TRUE,2,"checked",2.0714019636075,1.20457665747581,1.69603083393038,TRUE
"strong_prior",FALSE,2,"checked",1.00109313281295,0.95618981263219,1.235202777915,TRUE
"strong_prior",FALSE,3,"checked",1.24528852914161,1.0723348074341,0.392439164910547,TRUE
"strong_prior",TRUE,3,"checked",1.31006427353791,2.35137666139124,0.40367698306604,TRUE
"weak_prior",FALSE,1,"checked",3.05501976035952,2.36652908833347,0.70689718309177,TRUE
"weak_prior",TRUE,1,"checked",1.77368518413396,1.28679615560507,0.113516915297015,TRUE
"weak_prior",TRUE,2,"checked",1.40024793151232,1.20515292908159,1.46867229307893,TRUE
"weak_prior",FALSE,2,"checked",0.797500907541707,1.88314551788689,0.109486687081369,TRUE
"weak_prior",FALSE,3,"checked",1.40772416387479,0.840133643707334,0.321471056633391,TRUE
"weak_prior",TRUE,3,"checked",2.27994706247281,1.75998143786758,0.714925502822683,TRUE
"zero_heavy",TRUE,1,"checked",0.582920491301481,1.94532686663507,0.57431427748473,TRUE
"zero_heavy",TRUE,2,"checked",3.16718562540333,2.60483897149665,0.266987085479889,TRUE
"zero_heavy",TRUE,3,"checked",0.483934311372791,2.49207561665808,0.474695871225359,TRUE
