case,refine,repetition,seed,n_target,status,construction_seconds,sampling_seconds,total_seconds,accepted,proposals,acceptance,log_mass,residual,iterations,converged,cells,message
intercepts,TRUE,0,9100,20000,completed,0.033,0.31,0.357,20000,25449,0.785885496483162,-128.549943457557,4.63989152071909e-07,2,TRUE,9,
intercepts,FALSE,0,9100,20000,completed,0.03,0.308,0.352,20000,25619,0.780670596042,-128.540720337055,NA,NA,NA,9,
intercepts,FALSE,1,9101,20000,completed,0.029,0.307,0.352,20000,25768,0.776156473144986,-128.540720337055,NA,NA,NA,9,
intercepts,TRUE,1,9101,20000,completed,0.031,0.306,0.353,20000,25540,0.783085356303837,-128.549943457557,4.63989152071909e-07,2,TRUE,9,
intercepts,TRUE,2,9102,20000,completed,0.03,0.306,0.351,20000,25395,0.78755660563103,-128.549943457557,4.63989152071909e-07,2,TRUE,9,
intercepts,FALSE,2,9102,20000,completed,0.029,0.308,0.353,20000,25710,0.777907429015947,-128.540720337055,NA,NA,NA,9,
intercepts,FALSE,3,9103,20000,completed,0.029,0.308,0.351,20000,25835,0.774143603638475,-128.540720337055,NA,NA,NA,9,
intercepts,TRUE,3,9103,20000,completed,0.032,0.309,0.356,20000,25513,0.783914083016501,-128.549943457557,4.63989152071909e-07,2,TRUE,9,
theta_slope,TRUE,0,9100,20000,completed,0.034,0.338,0.393,20000,28692,0.697058413495051,-128.253204305776,2.31868996225515e-10,3,TRUE,27,
theta_slope,FALSE,0,9100,20000,completed,0.033,0.34,0.394,20000,29153,0.686035742462182,-128.237983701388,NA,NA,NA,27,
theta_slope,FALSE,1,9101,20000,completed,0.033,0.35,0.405,20000,29439,0.679370902544244,-128.237983701388,NA,NA,NA,27,
theta_slope,TRUE,1,9101,20000,completed,0.036,0.354,0.414,20000,28848,0.693288962839712,-128.253204305776,2.31868996225515e-10,3,TRUE,27,
theta_slope,TRUE,2,9102,20000,completed,0.035,0.349,0.406,20000,28838,0.693529370968861,-128.253204305776,2.31868996225515e-10,3,TRUE,27,
theta_slope,FALSE,2,9102,20000,completed,0.034,0.351,0.407,20000,29230,0.684228532329798,-128.237983701388,NA,NA,NA,27,
theta_slope,FALSE,3,9103,20000,completed,0.032,0.343,0.397,20000,29252,0.683713934089977,-128.237983701388,NA,NA,NA,27,
theta_slope,TRUE,3,9103,20000,completed,0.035,0.34,0.396,20000,28702,0.696815552923141,-128.253204305776,2.31868996225515e-10,3,TRUE,27,
nu_slope,TRUE,0,9100,20000,completed,0.034,0.34,0.395,20000,28813,0.694131121368827,-133.581612849155,3.46712006327188e-10,3,TRUE,27,
nu_slope,FALSE,0,9100,20000,completed,0.031,0.344,0.395,20000,29313,0.682291133626719,-133.56589603695,NA,NA,NA,27,
nu_slope,FALSE,1,9101,20000,completed,0.033,0.342,0.396,20000,29582,0.676086809546346,-133.56589603695,NA,NA,NA,27,
nu_slope,TRUE,1,9101,20000,completed,0.033,0.338,0.391,20000,29037,0.688776388745394,-133.581612849155,3.46712006327188e-10,3,TRUE,27,
nu_slope,TRUE,2,9102,20000,completed,0.034,0.338,0.393,20000,28877,0.692592720850504,-133.581612849155,3.46712006327188e-10,3,TRUE,27,
nu_slope,FALSE,2,9102,20000,completed,0.033,0.342,0.396,20000,29250,0.683760683760684,-133.56589603695,NA,NA,NA,27,
nu_slope,FALSE,3,9103,20000,completed,0.031,0.34,0.392,20000,29270,0.683293474547318,-133.56589603695,NA,NA,NA,27,
nu_slope,TRUE,3,9103,20000,completed,0.035,0.343,0.398,20000,28737,0.695966871976894,-133.581612849155,3.46712006327188e-10,3,TRUE,27,
strong_prior,TRUE,0,9100,20000,completed,0.042,0.371,0.441,20000,31921,0.626546787381348,-124.474998911682,1.22550436465474e-09,3,TRUE,81,
strong_prior,FALSE,0,9100,20000,completed,0.033,0.374,0.434,20000,32629,0.612951668760918,-124.456740115653,NA,NA,NA,81,
strong_prior,FALSE,1,9101,20000,completed,0.034,0.374,0.436,20000,32266,0.619847517510692,-124.456740115653,NA,NA,NA,81,
strong_prior,TRUE,1,9101,20000,completed,0.04,0.369,0.436,20000,31789,0.629148447576206,-124.474998911682,1.22550436465474e-09,3,TRUE,81,
strong_prior,TRUE,2,9102,20000,completed,0.04,0.369,0.436,20000,32129,0.622490584829904,-124.474998911682,1.22550436465474e-09,3,TRUE,81,
strong_prior,FALSE,2,9102,20000,completed,0.033,0.383,0.443,20000,32659,0.612388621819407,-124.456740115653,NA,NA,NA,81,
strong_prior,FALSE,3,9103,20000,completed,0.034,0.374,0.436,20000,32539,0.61464703893789,-124.456740115653,NA,NA,NA,81,
strong_prior,TRUE,3,9103,20000,completed,0.042,0.374,0.444,20000,31951,0.62595849895152,-124.474998911682,1.22550436465474e-09,3,TRUE,81,
weak_prior,TRUE,0,9100,20000,completed,0.045,0.38,0.454,20000,33085,0.604503551458365,-136.903034302011,7.71018167505799e-08,3,TRUE,81,
weak_prior,FALSE,0,9100,20000,completed,0.034,0.39,0.451,20000,34268,0.58363487802031,-136.871007700455,NA,NA,NA,81,
weak_prior,FALSE,1,9101,20000,completed,0.035,0.386,0.449,20000,34070,0.587026709715292,-136.871007700455,NA,NA,NA,81,
weak_prior,TRUE,1,9101,20000,completed,0.041,0.454,0.524,20000,33086,0.604485280783413,-136.903034302011,7.71018167505799e-08,3,TRUE,81,
weak_prior,TRUE,2,9102,20000,completed,0.042,0.38,0.451,20000,33319,0.600258110987725,-136.903034302011,7.71018167505799e-08,3,TRUE,81,
weak_prior,FALSE,2,9102,20000,completed,0.036,0.39,0.455,20000,34163,0.58542868015104,-136.871007700455,NA,NA,NA,81,
weak_prior,FALSE,3,9103,20000,completed,0.037,0.392,0.457,20000,34130,0.585994726047466,-136.871007700455,NA,NA,NA,81,
weak_prior,TRUE,3,9103,20000,completed,0.045,0.387,0.459,20000,33208,0.602264514574801,-136.903034302011,7.71018167505799e-08,3,TRUE,81,
zero_heavy,TRUE,0,9100,20000,completed,0.133,0.444,0.604,20000,45677,0.437857127219388,-49.7923048418563,4.45722922737257e-08,31,TRUE,81,
zero_heavy,FALSE,0,9100,20000,proposal_cap,0.036,1.22,1.278,NA,NA,NA,751130.939885498,NA,NA,NA,81,"glmbayes: the rejection sampler reached 200000 proposals with zero acceptances for draw 1 of 20000. The envelope is too loose for this model, so no draws were returned. No approximate or force-accepted values were produced."
zero_heavy,FALSE,1,9101,20000,proposal_cap,0.036,1.217,1.275,NA,NA,NA,751130.939885498,NA,NA,NA,81,"glmbayes: the rejection sampler reached 200000 proposals with zero acceptances for draw 1 of 20000. The envelope is too loose for this model, so no draws were returned. No approximate or force-accepted values were produced."
zero_heavy,TRUE,1,9101,20000,completed,0.129,0.436,0.593,20000,45644,0.438173692051529,-49.7923048418563,4.45722922737257e-08,31,TRUE,81,
zero_heavy,TRUE,2,9102,20000,completed,0.129,0.468,0.628,20000,45569,0.438894862735632,-49.7923048418563,4.45722922737257e-08,31,TRUE,81,
zero_heavy,FALSE,2,9102,20000,proposal_cap,0.036,1.222,1.28,NA,NA,NA,751130.939885498,NA,NA,NA,81,"glmbayes: the rejection sampler reached 200000 proposals with zero acceptances for draw 1 of 20000. The envelope is too loose for this model, so no draws were returned. No approximate or force-accepted values were produced."
zero_heavy,FALSE,3,9103,20000,proposal_cap,0.037,1.215,1.275,NA,NA,NA,751130.939885498,NA,NA,NA,81,"glmbayes: the rejection sampler reached 200000 proposals with zero acceptances for draw 1 of 20000. The envelope is too loose for this model, so no draws were returned. No approximate or force-accepted values were produced."
zero_heavy,TRUE,3,9103,20000,completed,0.13,0.437,0.594,20000,45388,0.44064510443289,-49.7923048418563,4.45722922737257e-08,31,TRUE,81,
stiff_axis,TRUE,0,9100,20000,completed,0.003,4.9,4.927,20000,2103541,0.00950777759977105,-0.918938533204673,1.04592017269312e-08,1,TRUE,1,
stiff_axis,FALSE,0,9100,20000,proposal_cap,0.002,0.425,0.43,NA,NA,NA,500554.081061467,NA,NA,NA,1,"glmbayes: the rejection sampler reached 200000 proposals with zero acceptances for draw 1 of 20000. The envelope is too loose for this model, so no draws were returned. No approximate or force-accepted values were produced."
stiff_axis,FALSE,1,9101,20000,proposal_cap,0.003,0.43,0.435,NA,NA,NA,500554.081061467,NA,NA,NA,1,"glmbayes: the rejection sampler reached 200000 proposals with zero acceptances for draw 1 of 20000. The envelope is too loose for this model, so no draws were returned. No approximate or force-accepted values were produced."
stiff_axis,TRUE,1,9101,20000,completed,0.002,4.626,4.651,20000,2090232,0.00956831586158857,-0.918938533204673,1.04592017269312e-08,1,TRUE,1,
stiff_axis,TRUE,2,9102,20000,completed,0.003,4.642,4.671,20000,2100519,0.00952145636387959,-0.918938533204673,1.04592017269312e-08,1,TRUE,1,
stiff_axis,FALSE,2,9102,20000,proposal_cap,0.002,0.438,0.443,NA,NA,NA,500554.081061467,NA,NA,NA,1,"glmbayes: the rejection sampler reached 200000 proposals with zero acceptances for draw 1 of 20000. The envelope is too loose for this model, so no draws were returned. No approximate or force-accepted values were produced."
stiff_axis,FALSE,3,9103,20000,proposal_cap,0.003,0.431,0.437,NA,NA,NA,500554.081061467,NA,NA,NA,1,"glmbayes: the rejection sampler reached 200000 proposals with zero acceptances for draw 1 of 20000. The envelope is too loose for this model, so no draws were returned. No approximate or force-accepted values were produced."
stiff_axis,TRUE,3,9103,20000,completed,0.003,4.819,4.844,20000,2105213,0.00950022634289262,-0.918938533204673,1.04592017269312e-08,1,TRUE,1,
gaussian,TRUE,0,9100,20000,completed,0.003,0.213,0.235,20000,25338,0.789328281632331,-25.2209171061911,3.25468547945906e-08,1,TRUE,9,
gaussian,FALSE,0,9100,20000,completed,0.002,0.221,0.242,20000,25343,0.789172552578621,-25.2209162019341,NA,NA,NA,9,
gaussian,FALSE,1,9101,20000,completed,0.002,0.214,0.234,20000,25514,0.783883358156306,-25.2209162019341,NA,NA,NA,9,
gaussian,TRUE,1,9101,20000,completed,0.003,0.211,0.233,20000,25513,0.783914083016501,-25.2209171061911,3.25468547945906e-08,1,TRUE,9,
gaussian,TRUE,2,9102,20000,completed,0.003,0.214,0.235,20000,25441,0.786132620573091,-25.2209171061911,3.25468547945906e-08,1,TRUE,9,
gaussian,FALSE,2,9102,20000,completed,0.003,0.212,0.234,20000,25441,0.786132620573091,-25.2209162019341,NA,NA,NA,9,
gaussian,FALSE,3,9103,20000,completed,0.003,0.214,0.235,20000,25367,0.788425907675326,-25.2209162019341,NA,NA,NA,9,
gaussian,TRUE,3,9103,20000,completed,0.003,0.213,0.234,20000,25366,0.788456989671213,-25.2209171061911,3.25468547945906e-08,1,TRUE,9,
binomial,TRUE,0,9100,20000,completed,0.004,0.225,0.248,20000,25395,0.78755660563103,-62.6083286092295,5.44886635811537e-09,2,TRUE,9,
binomial,FALSE,0,9100,20000,completed,0.003,0.228,0.249,20000,25419,0.78681301388725,-62.6076544785295,NA,NA,NA,9,
binomial,FALSE,1,9101,20000,completed,0.002,0.23,0.251,20000,25539,0.783116018638161,-62.6076544785295,NA,NA,NA,9,
binomial,TRUE,1,9101,20000,completed,0.003,0.226,0.246,20000,25539,0.783116018638161,-62.6083286092295,5.44886635811537e-09,2,TRUE,9,
binomial,TRUE,2,9102,20000,completed,0.003,0.224,0.246,20000,25416,0.786905886056028,-62.6083286092295,5.44886635811537e-09,2,TRUE,9,
binomial,FALSE,2,9102,20000,completed,0.003,0.229,0.251,20000,25408,0.787153652392947,-62.6076544785295,NA,NA,NA,9,
binomial,FALSE,3,9103,20000,completed,0.003,0.234,0.256,20000,25491,0.784590639833667,-62.6076544785295,NA,NA,NA,9,
binomial,TRUE,3,9103,20000,completed,0.00299999999999997,0.229,0.251,20000,25473,0.785145055549013,-62.6083286092295,5.44886635811537e-09,2,TRUE,9,
poisson,TRUE,0,9100,20000,completed,0.017,0.292,0.348,20000,36362,0.5500247511138,-36.0384691236134,8.86689610624103e-11,3,TRUE,243,
poisson,FALSE,0,9100,20000,completed,0.003,0.29,0.33,20000,36582,0.546716964627412,-36.032596440927,NA,NA,NA,243,
poisson,FALSE,1,9101,20000,completed,0.004,0.29,0.331,20000,36941,0.541403860209523,-36.032596440927,NA,NA,NA,243,
poisson,TRUE,1,9101,20000,completed,0.017,0.289,0.343,20000,36843,0.542843959503841,-36.0384691236134,8.86689610624103e-11,3,TRUE,243,
poisson,TRUE,2,9102,20000,completed,0.017,0.29,0.344,20000,36855,0.542667209333876,-36.0384691236134,8.86689610624103e-11,3,TRUE,243,
poisson,FALSE,2,9102,20000,completed,0.003,0.291,0.33,20000,37087,0.539272521368674,-36.032596440927,NA,NA,NA,243,
poisson,FALSE,3,9103,20000,completed,0.003,0.287,0.327,20000,36770,0.54392167527876,-36.032596440927,NA,NA,NA,243,
poisson,TRUE,3,9103,20000,completed,0.019,0.296,0.352,20000,36396,0.549510935267612,-36.0384691236134,8.86689610624103e-11,3,TRUE,243,
