case,refine,measured,completed,proposal_cap,timeout,construction_seconds_median,construction_seconds_min,construction_seconds_max,sampling_seconds_median,sampling_seconds_min,sampling_seconds_max,total_seconds_median,total_seconds_min,total_seconds_max,accepted_median,accepted_min,accepted_max,proposals_median,proposals_min,proposals_max,acceptance_median,acceptance_min,acceptance_max,log_mass_median,log_mass_min,log_mass_max,residual_median,residual_min,residual_max,iterations_median,iterations_min,iterations_max,cells_median,cells_min,cells_max
intercepts,TRUE,3,3,0,0,0.031,0.03,0.032,0.306,0.306,0.309,0.353,0.351,0.356,20000.0,20000.0,20000.0,25513.0,25395.0,25540.0,0.783914083016501,0.783085356303837,0.78755660563103,-128.549943457557,-128.549943457557,-128.549943457557,4.63989152071909e-07,4.63989152071909e-07,4.63989152071909e-07,2.0,2.0,2.0,9.0,9.0,9.0
intercepts,FALSE,3,3,0,0,0.029,0.029,0.029,0.308,0.307,0.308,0.352,0.351,0.353,20000.0,20000.0,20000.0,25768.0,25710.0,25835.0,0.776156473144986,0.774143603638475,0.777907429015947,-128.540720337055,-128.540720337055,-128.540720337055,0.00614947212648451,0.00614947212648451,0.00614947212648451,0.0,0.0,0.0,9.0,9.0,9.0
theta_slope,TRUE,3,3,0,0,0.035,0.035,0.036,0.349,0.34,0.354,0.406,0.396,0.414,20000.0,20000.0,20000.0,28838.0,28702.0,28848.0,0.693529370968861,0.693288962839712,0.696815552923141,-128.253204305776,-128.253204305776,-128.253204305776,2.31868996225515e-10,2.31868996225515e-10,2.31868996225515e-10,3.0,3.0,3.0,27.0,27.0,27.0
theta_slope,FALSE,3,3,0,0,0.033,0.032,0.034,0.35,0.343,0.351,0.405,0.397,0.407,20000.0,20000.0,20000.0,29252.0,29230.0,29439.0,0.683713934089977,0.679370902544244,0.684228532329798,-128.237983701388,-128.237983701388,-128.237983701388,0.0117219749927268,0.0117219749927268,0.0117219749927268,0.0,0.0,0.0,27.0,27.0,27.0
nu_slope,TRUE,3,3,0,0,0.034,0.033,0.035,0.338,0.338,0.343,0.393,0.391,0.398,20000.0,20000.0,20000.0,28877.0,28737.0,29037.0,0.692592720850504,0.688776388745394,0.695966871976894,-133.581612849155,-133.581612849155,-133.581612849155,3.46712006327188e-10,3.46712006327188e-10,3.46712006327188e-10,3.0,3.0,3.0,27.0,27.0,27.0
nu_slope,FALSE,3,3,0,0,0.033,0.031,0.033,0.342,0.34,0.342,0.396,0.392,0.396,20000.0,20000.0,20000.0,29270.0,29250.0,29582.0,0.683293474547318,0.676086809546346,0.683760683760684,-133.56589603695,-133.56589603695,-133.56589603695,0.00992152118179307,0.00992152118179307,0.00992152118179307,0.0,0.0,0.0,27.0,27.0,27.0
strong_prior,TRUE,3,3,0,0,0.04,0.04,0.042,0.369,0.369,0.374,0.436,0.436,0.444,20000.0,20000.0,20000.0,31951.0,31789.0,32129.0,0.62595849895152,0.622490584829904,0.629148447576206,-124.474998911682,-124.474998911682,-124.474998911682,1.22550436465474e-09,1.22550436465474e-09,1.22550436465474e-09,3.0,3.0,3.0,81.0,81.0,81.0
strong_prior,FALSE,3,3,0,0,0.034,0.033,0.034,0.374,0.374,0.383,0.436,0.436,0.443,20000.0,20000.0,20000.0,32539.0,32266.0,32659.0,0.61464703893789,0.612388621819407,0.619847517510692,-124.456740115653,-124.456740115653,-124.456740115653,0.11822560234094,0.11822560234094,0.11822560234094,0.0,0.0,0.0,81.0,81.0,81.0
weak_prior,TRUE,3,3,0,0,0.042,0.041,0.045,0.387,0.38,0.454,0.459,0.451,0.524,20000.0,20000.0,20000.0,33208.0,33086.0,33319.0,0.602264514574801,0.600258110987725,0.604485280783413,-136.903034302011,-136.903034302011,-136.903034302011,7.71018167505799e-08,7.71018167505799e-08,7.71018167505799e-08,3.0,3.0,3.0,81.0,81.0,81.0
weak_prior,FALSE,3,3,0,0,0.036,0.035,0.037,0.39,0.386,0.392,0.455,0.449,0.457,20000.0,20000.0,20000.0,34130.0,34070.0,34163.0,0.585994726047466,0.58542868015104,0.587026709715292,-136.871007700455,-136.871007700455,-136.871007700455,0.0064106627006754,0.0064106627006754,0.0064106627006754,0.0,0.0,0.0,81.0,81.0,81.0
zero_heavy,TRUE,3,3,0,0,0.129,0.129,0.13,0.437,0.436,0.468,0.594,0.593,0.628,20000.0,20000.0,20000.0,45569.0,45388.0,45644.0,0.438894862735632,0.438173692051529,0.44064510443289,-49.7923048418563,-49.7923048418563,-49.7923048418563,4.45722922737257e-08,4.45722922737257e-08,4.45722922737257e-08,31.0,31.0,31.0,81.0,81.0,81.0
zero_heavy,FALSE,3,0,3,0,0.036,0.036,0.037,1.217,1.215,1.222,1.275,1.275,1.28,NA,NA,NA,NA,NA,NA,NA,NA,NA,751130.939885498,751130.939885498,751130.939885498,929.770930586592,929.770930586592,929.770930586592,0.0,0.0,0.0,81.0,81.0,81.0
stiff_axis,TRUE,3,3,0,0,0.003,0.002,0.003,4.642,4.626,4.819,4.671,4.651,4.844,20000.0,20000.0,20000.0,2100519.0,2090232.0,2105213.0,0.00952145636387959,0.00950022634289262,0.00956831586158857,-0.918938533204673,-0.918938533204673,-0.918938533204673,1.04592017269312e-08,1.04592017269312e-08,1.04592017269312e-08,1.0,1.0,1.0,1.0,1.0,1.0
stiff_axis,FALSE,3,0,3,0,0.003,0.002,0.003,0.431,0.43,0.438,0.437,0.435,0.443,NA,NA,NA,NA,NA,NA,NA,NA,NA,500554.081061467,500554.081061467,500554.081061467,1001.0,1001.0,1001.0,0.0,0.0,0.0,1.0,1.0,1.0
gaussian,TRUE,3,3,0,0,0.003,0.003,0.003,0.213,0.211,0.214,0.234,0.233,0.235,20000.0,20000.0,20000.0,25441.0,25366.0,25513.0,0.786132620573091,0.783914083016501,0.788456989671213,-25.2209171061911,-25.2209171061911,-25.2209171061911,3.25468547945906e-08,3.25468547945906e-08,3.25468547945906e-08,1.0,1.0,1.0,9.0,9.0,9.0
gaussian,FALSE,3,3,0,0,0.003,0.002,0.003,0.214,0.212,0.214,0.234,0.234,0.235,20000.0,20000.0,20000.0,25441.0,25367.0,25514.0,0.786132620573091,0.783883358156306,0.788425907675326,-25.2209162019341,-25.2209162019341,-25.2209162019341,0.000113380733118895,0.000113380733118895,0.000113380733118895,0.0,0.0,0.0,9.0,9.0,9.0
binomial,TRUE,3,3,0,0,0.003,0.00299999999999997,0.003,0.226,0.224,0.229,0.246,0.246,0.251,20000.0,20000.0,20000.0,25473.0,25416.0,25539.0,0.785145055549013,0.783116018638161,0.786905886056028,-62.6083286092295,-62.6083286092295,-62.6083286092295,5.44886635811537e-09,5.44886635811537e-09,5.44886635811537e-09,2.0,2.0,2.0,9.0,9.0,9.0
binomial,FALSE,3,3,0,0,0.003,0.002,0.003,0.23,0.229,0.234,0.251,0.251,0.256,20000.0,20000.0,20000.0,25491.0,25408.0,25539.0,0.784590639833667,0.783116018638161,0.787153652392947,-62.6076544785295,-62.6076544785295,-62.6076544785295,0.00268295129864671,0.00268295129864671,0.00268295129864671,0.0,0.0,0.0,9.0,9.0,9.0
poisson,TRUE,3,3,0,0,0.017,0.017,0.019,0.29,0.289,0.296,0.344,0.343,0.352,20000.0,20000.0,20000.0,36843.0,36396.0,36855.0,0.542843959503841,0.542667209333876,0.549510935267612,-36.0384691236134,-36.0384691236134,-36.0384691236134,8.86689610624103e-11,8.86689610624103e-11,8.86689610624103e-11,3.0,3.0,3.0,243.0,243.0,243.0
poisson,FALSE,3,3,0,0,0.003,0.003,0.004,0.29,0.287,0.291,0.33,0.327,0.331,20000.0,20000.0,20000.0,36941.0,36770.0,37087.0,0.541403860209523,0.539272521368674,0.54392167527876,-36.032596440927,-36.032596440927,-36.032596440927,0.0186753002777332,0.0186753002777332,0.0186753002777332,0.0,0.0,0.0,243.0,243.0,243.0
